observation_date,MRTSSM443142USN
2016-01-01,5926
2016-02-01,6043
2016-03-01,6065
2016-04-01,5318
2016-05-01,5657
2016-06-01,5736
2016-07-01,5828
2016-08-01,6257
2016-09-01,5814
2016-10-01,5581
2016-11-01,7452
2016-12-01,9664
2017-01-01,5657
2017-02-01,5359
2017-03-01,5925
2017-04-01,5254
2017-05-01,5629
2017-06-01,5703
2017-07-01,5598
2017-08-01,5996
2017-09-01,5822
2017-10-01,5717
2017-11-01,8062
2017-12-01,9817
2018-01-01,5943
2018-02-01,5633
2018-03-01,6047
2018-04-01,5417
2018-05-01,5792
2018-06-01,5914
2018-07-01,5811
2018-08-01,6235
2018-09-01,5842
2018-10-01,5831
2018-11-01,7940
2018-12-01,9499
2019-01-01,5910
2019-02-01,5336
2019-03-01,5795
2019-04-01,5116
2019-05-01,5576
2019-06-01,5515
2019-07-01,5569
2019-08-01,5956
2019-09-01,5666
2019-10-01,5572
2019-11-01,7591
2019-12-01,9256
2020-01-01,5650
2020-02-01,5244
2020-03-01,4326
2020-04-01,1783
2020-05-01,2346
2020-06-01,3727
2020-07-01,4544
2020-08-01,4809
2020-09-01,4536
2020-10-01,4876
2020-11-01,6271
2020-12-01,7359
2021-01-01,5073
2021-02-01,4527
2021-03-01,5799
2021-04-01,5396
2021-05-01,5640
2021-06-01,5891
2021-07-01,5984
2021-08-01,5951
2021-09-01,5659
2021-10-01,5998
2021-11-01,6966
2021-12-01,8526
2022-01-01,5249
2022-02-01,4928
2022-03-01,5889
2022-04-01,5529
2022-05-01,5452
2022-06-01,5315
2022-07-01,5541
2022-08-01,5738
2022-09-01,5694
2022-10-01,5464
2022-11-01,6424
2022-12-01,7878
2023-01-01,5701
2023-02-01,5118
2023-03-01,5537
2023-04-01,4923
2023-05-01,5356
2023-06-01,5388
2023-07-01,5338
2023-08-01,5616
2023-09-01,5629
2023-10-01,5507
2023-11-01,6784
2023-12-01,8120
2024-01-01,5669
2024-02-01,5447
2024-03-01,5332
2024-04-01,5131
2024-05-01,5656
2024-06-01,5317
2024-07-01,5577
2024-08-01,5639
2024-09-01,5148
2024-10-01,5452
2024-11-01,6992
2024-12-01,8583
2025-01-01,5473
2025-02-01,5067
2025-03-01,5437
2025-04-01,5051
2025-05-01,5631
2025-06-01,5310
2025-07-01,5685
2025-08-01,5787
2025-09-01,5546
2025-10-01,5589
2025-11-01,7047
2025-12-01,8799
